{
    "id": "hexxen-zusatz",
    "title": "HeXXen 1733 Zusatz",
    "description": "Zusatz Motivationen, Rollen, Proffesionen und Jägerkräfte",
    "version": "0.4",
    "library": "false",
    "manifestPlusVersion": "1.0.0",
    "compatibility": {
        "minimum": 10,
        "verified": 10,
        "maximum": 11
    },
    "authors": [
        {
            "name": "TrooperMaXX",
            "url": "https://github.com/TrooperMaXX/",
            "discord": "⛧TrooperMaXX⛧#1337"
        }
    ],
    "relationships": {
        "systems": [
            {
                "id": "hexxen-1733",
                "type": "system",
                "compatibility": {
                    "minimum": "1.1.1",
                    "verified": "1.1.3"
                }
            }
        ],
        "requires": [
            {
                "id": "compendium-folders",
                "type": "module"
            }
        ]
    },
    "esmodules": [
        "scripts/module.js"
    ],
    "scripts": [
        "scripts/lib/lib.js"
    ],
    "styles": [
        "styles/module.css"
    ],
    "languages": [
        {
            "lang": "en",
            "name": "English",
            "path": "languages/en.json"
        },
        {
            "lang": "de",
            "name": "German",
            "path": "languages/de.json"
        }
    ],
    "packs": [
        {
            "name": "motivation",
            "label": "Motivationen",
            "path": "packs/motivation.db",
            "system": "hexxen-1733",
            "type": "Item"
        },
        {
            "name": "role",
            "label": "Rollen",
            "path": "packs/role.db",
            "system": "hexxen-1733",
            "type": "Item"
        },
        {
            "name": "profession",
            "label": "Professionen",
            "path": "packs/profession.db",
            "system": "hexxen-1733",
            "type": "Item"
        },
        {
            "name": "hunter-ability",
            "label": "Jägerkräfte",
            "path": "packs/power.db",
            "system": "hexxen-1733",
            "type": "Item"
        },
        {
            "name": "item",
            "label": "Gegenstände",
            "path": "packs/item.db",
            "system": "hexxen-1733",
            "type": "Item"
        }
    ],
    "url": "https://github.com/TrooperMaXX/HeXXenZusatz",
    "manifest": "https://github.com/TrooperMaXX/HeXXenZusatz/releases/latest/download/module.json",
    "download": "https://github.com/TrooperMaXX/HeXXenZusatz/releases/download/0.4/module.zip",
    "license": "LICENSE",
    "readme": "README.md",
    "media": [
        {
            "type": "icon",
            "url": "https://avatars.githubusercontent.com/u/2643418?v=4"
        }
    ]
}